{
  "0A9B4653-B11E-4D6A-850E-C6FCB621626C" : {
    "objectMetadataList" : [
      [
        "0A9B4653-B11E-4D6A-850E-C6FCB621626C",
        "Root"
      ],
      {
        "isExpanded" : true,
        "isLocked" : false
      }
    ]
  },
  "3F3F2873-FF1B-4479-A507-BD1F6077D9E5" : {
    "objectMetadataList" : [
      [
        "3F3F2873-FF1B-4479-A507-BD1F6077D9E5",
        "Root"
      ],
      {
        "isExpanded" : true,
        "isLocked" : false
      }
    ]
  },
  "8F8FB7E3-8C0D-4BDF-A329-2BE68A0393F5" : {
    "objectMetadataList" : [
      [
        "8F8FB7E3-8C0D-4BDF-A329-2BE68A0393F5",
        "Root",
        "Sphere"
      ],
      {
        "isExpanded" : true,
        "isLocked" : false
      },
      [
        "8F8FB7E3-8C0D-4BDF-A329-2BE68A0393F5",
        "Root"
      ],
      {
        "isExpanded" : true,
        "isLocked" : false
      }
    ]
  },
  "9EDEDB37-51F7-4FD1-8ADC-F22919794A29" : {
    "objectMetadataList" : [
      [
        "9EDEDB37-51F7-4FD1-8ADC-F22919794A29",
        "Root"
      ],
      {
        "isExpanded" : true,
        "isLocked" : false
      }
    ]
  },
  "65F6F990-A780-4474-B78B-572E0E4E273D" : {
    "objectMetadataList" : [
      [
        "65F6F990-A780-4474-B78B-572E0E4E273D",
        "Root"
      ],
      {
        "isExpanded" : true,
        "isLocked" : false
      }
    ]
  },
  "66168B71-AB05-424E-8B6C-D33D6E61B08F" : {
    "objectMetadataList" : [
      [
        "66168B71-AB05-424E-8B6C-D33D6E61B08F",
        "Root"
      ],
      {
        "isExpanded" : true,
        "isLocked" : false
      }
    ]
  },
  "AF09ED6F-1707-48FD-8720-65B998362C09" : {
    "objectMetadataList" : [
      [
        "AF09ED6F-1707-48FD-8720-65B998362C09",
        "Root",
        "Sphere_Left"
      ],
      {
        "isExpanded" : true,
        "isLocked" : false
      },
      [
        "AF09ED6F-1707-48FD-8720-65B998362C09",
        "Root",
        "Sphere_Right"
      ],
      {
        "isExpanded" : true,
        "isLocked" : false
      },
      [
        "AF09ED6F-1707-48FD-8720-65B998362C09",
        "Root"
      ],
      {
        "isExpanded" : true,
        "isLocked" : false
      }
    ]
  },
  "CB766F92-EE55-4A63-9401-E7B8C009764D" : {
    "objectMetadataList" : [
      [
        "CB766F92-EE55-4A63-9401-E7B8C009764D",
        "Root"
      ],
      {
        "isExpanded" : true,
        "isLocked" : false
      },
      [
        "CB766F92-EE55-4A63-9401-E7B8C009764D",
        "Root",
        "GridMaterial"
      ],
      {
        "isExpanded" : true,
        "isLocked" : false
      }
    ]
  },
  "D560BB77-AAF3-4BDE-B7C4-989332A4688B" : {
    "objectMetadataList" : [

    ]
  },
  "D66134B1-3681-4A8E-AFE5-29F257229F3B" : {
    "objectMetadataList" : [
      [
        "D66134B1-3681-4A8E-AFE5-29F257229F3B",
        "Root",
        "GridMaterial",
        "GridMaterial"
      ],
      {
        "isExpanded" : true,
        "isLocked" : false
      },
      [
        "D66134B1-3681-4A8E-AFE5-29F257229F3B",
        "Root"
      ],
      {
        "isExpanded" : true,
        "isLocked" : false
      }
    ]
  }
}